{"rouge1": {"precision": {"mean": 0.1603, "max": 0.24275, "min": 0.08698}, "recall": {"mean": 0.11028, "max": 0.16477, "min": 0.06211}, "fscore": {"mean": 0.12307, "max": 0.18211, "min": 0.06984}}, "rouge2": {"precision": {"mean": 0.01888, "max": 0.04503, "min": 0.00112}, "recall": {"mean": 0.01205, "max": 0.02807, "min": 0.00109}, "fscore": {"mean": 0.01381, "max": 0.03231, "min": 0.00107}}, "rougeL": {"precision": {"mean": 0.12807, "max": 0.19355, "min": 0.07065}, "recall": {"mean": 0.08814, "max": 0.12739, "min": 0.05139}, "fscore": {"mean": 0.09835, "max": 0.14273, "min": 0.05719}}}